[Header],,,,,,,,,,,,
FileFormatVersion,2,,,,,,,,,,,
Investigator Name,TJ,,,,,,,,,,,
RunName,TSO500_Trial_Run2,,,,,,,,,,,
Date,21/09/2022,,,,,,,,,,,
InstrumentType,NovaSeq6000,,,,,,,,,,,
InstrumentPlatform,...,,,,,,,,,,,
Assay,TSO500,,,,,,,,,,,
Index Adapters,UMI DNA/RNA UD Indexes Set A,,,,,,,,,,,
[Reads],,,,,,,,,,,,
Read1Cycles,101,,,,,,,,,,,
Read2Cycles,101,,,,,,,,,,,
Index1Cycles,10,,,,,,,,,,,
Index2Cycles,10,,,,,,,,,,,
[TSO500S_Settings],,,,,,,,,,,,
SoftwareVersion,1.0.0,,,,,,,,,,,
AdapterRead1,CTGTCTCTTATACACATCTCCGAGCCCACGAGAC,,,,,,,,,,,
AdapterRead2,CTGTCTCTTATACACATCTGACGCTGCCGACGA,,,,,,,,,,,
AdapterBehavior,trim,,,,,,,,,,,
MinimumTrimmedReadLength,35,,,,,,,,,,,
MaskShortReads,35,,,,,,,,,,,
OverrideCycles,U7N1Y93;I10;I10;U7N1Y93,,,,,,,,,,,
[NSWHP],,,,,,,,,,,,
Sequencing Site,JHH,,,,,,,,,,,
Instrument ID,A00532,,,,,,,,,,,
[TSO500S_Data],,,,,,,,,,,,
Sample_ID,Sample_Name,Sample_Plate,Sample_Well,Index_ID,index,index2,I7_Index_ID,I5_Index_ID,Project,Description,Pair_ID,Sample_Type
451668637_RNA_20220921_A00532,451668637_RNA_20220921_A00532,,,UDP0033,TGATTATACG,TGTAATCGAC,UDP0033,UDP0033,,451668637_RNA,451668637,RNA
452387476_RNA_20220921_A00532,452387476_RNA_20220921_A00532,,,UDP0034,CAGCCGCGTA,CACGGCTAGT,UDP0034,UDP0034,,452387476_RNA,452387476,RNA
452387421_RNA_20220921_A00532,452387421_RNA_20220921_A00532,,,UDP0035,GGTAACTCGC,TCACCAACTT,UDP0035,UDP0035,,452387421_RNA,452387421,RNA
452385229_RNA_20220921_A00532,452385229_RNA_20220921_A00532,,,UDP0036,ACCGGCCGTA,AATATTGCCA,UDP0036,UDP0036,,452385229_RNA,452385229,RNA
452386196_RNA_20220921_A00532,452386196_RNA_20220921_A00532,,,UDP0037,TGTAATCGAC,CGCGGTGATC,UDP0037,UDP0037,,452386196_RNA,452386196,RNA
452385977_RNA_20220921_A00532,452385977_RNA_20220921_A00532,,,UDP0038,GTGCAGACAG,ACGGATGGTA,UDP0038,UDP0038,,452385977_RNA,452385977,RNA
452386059_RNA_20220921_A00532,452386059_RNA_20220921_A00532,,,UDP0039,CAATCGGCTG,TTCCTACAGC,UDP0039,UDP0039,,452386059_RNA,452386059,RNA
SS_NTRK_RNA_20220921_A00532,SS_NTRK_RNA_20220921_A00532,,,UDP0040,TATGTAGTCA,CATTAGTGCG,UDP0040,UDP0040,,SS_NTRK_RNA,SS_NTRK,RNA
SS_Fusion_RNA_20220921_A00532,SS_Fusion_RNA_20220921_A00532,,,UDP0041,ACTCGGCAAT,TTCAGTTGTC,UDP0041,UDP0041,,SS_Fusion_RNA,SS_Fusion,RNA
NTC_RNA_20220921_A00532,NTC_RNA_20220921_A00532,,,UDP0042,GTCTAATGGC,CCTGACCACT,UDP0042,UDP0042,,NTC_RNA,NTC,RNA
451668637_DNA_20220921_A00532,451668637_DNA_20220921_A00532,,,UDP0049,AGTGTTGCAC,CGTGTACCAG,UDP0049,UDP0049,,451668637_DNA,451668637,DNA
452387476_DNA_20220921_A00532,452387476_DNA_20220921_A00532,,,UDP0050,GACACCATGT,TACACGTTGA,UDP0050,UDP0050,,452387476_DNA,452387476,DNA
452387421_DNA_20220921_A00532,452387421_DNA_20220921_A00532,,,UDP0051,CCTGTCTGTC,TCACAACAGT,UDP0051,UDP0051,,452387421_DNA,452387421,DNA
452385229_DNA_20220921_A00532,452385229_DNA_20220921_A00532,,,UDP0052,TGATGTAAGA,AAGGACGCAC,UDP0052,UDP0052,,452385229_DNA,452385229,DNA
452386196_DNA_20220921_A00532,452386196_DNA_20220921_A00532,,,UDP0053,GGAATTGTAA,AGGATGTGCT,UDP0053,UDP0053,,452386196_DNA,452386196,DNA
452385977_DNA_20220921_A00532,452385977_DNA_20220921_A00532,,,UDP0054,GCATAAGCTT,TGCGACGGAA,UDP0054,UDP0054,,452385977_DNA,452385977,DNA
452386059_DNA_20220921_A00532,452386059_DNA_20220921_A00532,,,UDP0055,CTGAGGAATA,AGTGGTTAAG,UDP0055,UDP0055,,452386059_DNA,452386059,DNA
HD753_SM_51072_DNA_20220921_A00532,HD753_SM_51072_DNA_20220921_A00532,,,UDP0056,AACGCACGAG,TATCCGAGGC,UDP0056,UDP0056,,HD753_Struc_mp_51072_DNA,HD753_SM_51072,DNA
HD847_OncoSpan_44799_DNA_20220921_A00532,HD847_OncoSpan_44799_DNA_20220921_A00532,,,UDP0057,TCTATCCTAA,CCAGTCGACG,UDP0057,UDP0057,,HD847_OncoSpan_44799_DNA,HD847_OncoSpan_44799,DNA
NTC_DNA_20220921_A00532,NTC_DNA_20220921_A00532,,,UDP0058,CTCGCTTCGG,TTGACTAGTA,UDP0058,UDP0058,,NTC_DNA,NTC,DNA
Sera_TLMv2_10576817_DNA_20220921_A00532,Sera_TLMv2_10576817_DNA_20220921_A00532,,,UDP0059,CTGTTGGTCC,AACGGTCTAT,UDP0059,UDP0059,,SS_Tri-level_TM_DNA_mix_v2_10576817_DNA,Sera_TLMv2_10576817,DNA
HGDNA_HCC1395_DNA_20220921_A00532,HGDNA_HCC1395_DNA_20220921_A00532,,,UDP0060,TTACCTGGAA,CTGGAACTGT,UDP0060,UDP0060,,HGDNA_HCC1395_DNA,HGDNA_HCC1395,DNA
HGDNA_A2058_DNA_20220921_A00532,HGDNA_A2058_DNA_20220921_A00532,,,UDP0061,TGGCTAATCA,CTACATGCCT,UDP0061,UDP0061,,HGDNA_A2058_DNA,HGDNA_A2058,DNA
HCT_15_gDNA_QUANT_DNA_20220921_A00532,HCT_15_gDNA_QUANT_DNA_20220921_A00532,,,UDP0062,AACACTGTTA,TGAGACTTGC,UDP0062,UDP0062,,HCT-15_gDNA_QUANT_DNA,HCT_15_gDNA_QUANT,DNA
SG063_2_1_DNA_20220921_A00532,SG063_2_1_DNA_20220921_A00532,,,UDP0063,ATTGCGCGGT,GCGGAGCCAA,UDP0063,UDP0063,,SG063-2-1_DNA,SG063_2_1,DNA
SG063_2_2_DNA_20220921_A00532,SG063_2_2_DNA_20220921_A00532,,,UDP0064,TGGCGCGAAC,AGTATCAGTT,UDP0064,UDP0064,,SG063-2-2_DNA,SG063_2_2,DNA
,,,,,,,,,,,,
,,,,,,,,,,,,
,,,,,,,,,,,,
,,,,,,,,,,,,
[BCLConvert_Settings],,,,,,,,,,,,
SoftwareVersion,3.6.3,,,,,,,,,,,
AdapterRead1,CTGTCTCTTATACACATCTCCGAGCCCACGAGAC,,,,,,,,,,,
AdapterRead2,CTGTCTCTTATACACATCTGACGCTGCCGACGA,,,,,,,,,,,
MinimumTrimmedReadLength,35,,,,,,,,,,,
MaskShortReads,35,,,,,,,,,,,
OverrideCycles,U7N1Y93;I10;I10;U7N1Y93,,,,,,,,,,,
[BCLConvert_Data],,,,,,,,,,,,
Sample_ID,index,index2,,,,,,,,,,
451668637_RNA_20220921_A00532,TGATTATACG,TGTAATCGAC,,,,,,,,,,
452387476_RNA_20220921_A00532,CAGCCGCGTA,CACGGCTAGT,,,,,,,,,,
452387421_RNA_20220921_A00532,GGTAACTCGC,TCACCAACTT,,,,,,,,,,
452385229_RNA_20220921_A00532,ACCGGCCGTA,AATATTGCCA,,,,,,,,,,
452386196_RNA_20220921_A00532,TGTAATCGAC,CGCGGTGATC,,,,,,,,,,
452385977_RNA_20220921_A00532,GTGCAGACAG,ACGGATGGTA,,,,,,,,,,
452386059_RNA_20220921_A00532,CAATCGGCTG,TTCCTACAGC,,,,,,,,,,
SS_NTRK_RNA_20220921_A00532,TATGTAGTCA,CATTAGTGCG,,,,,,,,,,
SS_Fusion_RNA_20220921_A00532,ACTCGGCAAT,TTCAGTTGTC,,,,,,,,,,
NTC_RNA_20220921_A00532,GTCTAATGGC,CCTGACCACT,,,,,,,,,,
451668637_DNA_20220921_A00532,AGTGTTGCAC,CGTGTACCAG,,,,,,,,,,
452387476_DNA_20220921_A00532,GACACCATGT,TACACGTTGA,,,,,,,,,,
452387421_DNA_20220921_A00532,CCTGTCTGTC,TCACAACAGT,,,,,,,,,,
452385229_DNA_20220921_A00532,TGATGTAAGA,AAGGACGCAC,,,,,,,,,,
452386196_DNA_20220921_A00532,GGAATTGTAA,AGGATGTGCT,,,,,,,,,,
452385977_DNA_20220921_A00532,GCATAAGCTT,TGCGACGGAA,,,,,,,,,,
452386059_DNA_20220921_A00532,CTGAGGAATA,AGTGGTTAAG,,,,,,,,,,
HD753_SM_51072_DNA_20220921_A00532,AACGCACGAG,TATCCGAGGC,,,,,,,,,,
HD847_OncoSpan_44799_DNA_20220921_A00532,TCTATCCTAA,CCAGTCGACG,,,,,,,,,,
NTC_DNA_20220921_A00532,CTCGCTTCGG,TTGACTAGTA,,,,,,,,,,
Sera_TLMv2_10576817_DNA_20220921_A00532,CTGTTGGTCC,AACGGTCTAT,,,,,,,,,,
HGDNA_HCC1395_DNA_20220921_A00532,TTACCTGGAA,CTGGAACTGT,,,,,,,,,,
HGDNA_A2058_DNA_20220921_A00532,TGGCTAATCA,CTACATGCCT,,,,,,,,,,
HCT_15_gDNA_QUANT_DNA_20220921_A00532,AACACTGTTA,TGAGACTTGC,,,,,,,,,,
SG063_2_1_DNA_20220921_A00532,ATTGCGCGGT,GCGGAGCCAA,,,,,,,,,,
SG063_2_2_DNA_20220921_A00532,TGGCGCGAAC,AGTATCAGTT,,,,,,,,,,
